"First Name","Last Name","Age","Salary","Weight","Height"
"Richard","Howard","24","4258","43","46"
"Maria","Russell","19","943","50","13"
"Julian","Wright","28","896","66","73"
"George","Foster","30","8419","46","95"
"Garry","Brown","19","1064","09","55"
"Alford","Harper","24","4714","67","92"
"Kate","Hall","23","3491","34","72"
"Hailey","Mitchell","20","4430","11","50"
"Isabella","Ellis","21","8747","56","26"
"Kelsey","Alexander","23","5357","28","41"
"Frederick","Hill","28","7531","03","36"
"Dainton","Craig","26","7201","27","56"
"Blake","Lloyd","26","2174","55","70"
"Luke","Murray","30","6820","95","35"
"Aida","Campbell","21","5215","06","41"
"Kristian","Scott","21","3680","52","24"
"Fenton","Brown","18","5300","86","04"
"Byron","Hamilton","27","1397","08","82"
"Byron","Johnston","20","1532","54","63"
"Sabrina","Carter","18","2994","16","91"
"Isabella","Perkins","24","1791","87","78"
"Alisa","Morrison","24","964","26","65"
"Audrey","Gray","25","6710","05","60"
"Arianna","Cooper","19","6138","73","93"
"Roland","Lloyd","23","2871","87","41"
"Owen","Baker","25","8541","40","62"
"Lyndon","Warren","28","2062","58","94"
"Daniel","Hunt","18","1817","91","84"
"Daniel","Martin","18","6819","21","90"
"Adelaide","Morris","24","7198","55","37"
"Rebecca","Ellis","24","7820","73","84"
"Alissa","Walker","29","633","63","59"
"Lana","Tucker","19","9203","98","71"
"Adele","Adams","24","2052","52","53"
"Carina","Sullivan","18","3813","03","72"
"David","Murray","19","6483","35","89"
"Penelope","Morgan","20","6397","65","67"
"Lily","Morrison","20","3160","60","98"
"Lydia","Henderson","24","6797","78","10"
"Oscar","Barnes","25","6076","16","62"
"Ada","Gibson","25","5002","73","83"
"Rebecca","Johnston","29","6950","99","17"
"Kellan","Grant","22","4926","77","09"
"Edwin","Riley","28","3196","66","94"
"Alberta","Parker","22","2944","61","13"
"Ryan","Bennett","22","9682","37","92"
"Dexter","Fowler","20","7728","46","06"
"Martin","Anderson","19","4484","27","21"
"Alisa","Warren","19","1058","60","63"
"April","Johnson","21","3662","25","07"
"Honey","Bennett","21","9874","04","73"
"Penelope","Payne","23","3648","91","09"
"George","Moore","19","2429","98","18"
"April","Robinson","26","6476","70","62"
"Alexander","Roberts","22","9749","55","80"
"Jared","Kelly","30","6938","72","53"
"Vincent","Hunt","21","2562","22","94"
"Eric","Barnes","20","8511","73","99"
"Ellia","Perkins","21","3501","55","72"
"Jacob","Douglas","22","7236","67","82"
"Darcy","Alexander","22","9211","01","33"
"Anna","Williams","29","8553","26","40"
"Olivia","Miller","25","9651","40","27"
"Albert","Watson","21","7127","48","86"
"Isabella","Cameron","25","3278","42","17"
"Paige","Ellis","23","4562","13","62"
"Alina","Chapman","19","6248","83","65"
"Kelsey","Morrison","19","3306","01","30"
"Myra","Gray","21","5230","58","59"
"Cherry","Casey","24","6994","69","26"
"Fenton","Martin","18","1951","76","48"
"Preston","Davis","18","1585","58","74"
"Ned","Barnes","21","840","48","62"
"Emily","Myers","24","9713","21","23"
"Carlos","Stewart","28","8662","35","36"
"Rubie","Allen","28","1416","02","73"
"Abraham","Ferguson","26","8296","67","23"
"Carlos","Hawkins","24","7167","03","44"
"Alan","West","18","5150","39","15"
"Thomas","Morrison","23","9786","97","65"
"Reid","Harrison","22","5918","21","41"
"Henry","Carter","25","7742","68","84"
"Wilson","Crawford","21","1830","74","74"
"Eddy","Allen","27","9872","70","95"
"Adrianna","Reed","26","6722","92","69"
"Ryan","Morrison","27","4282","19","90"
"Antony","Russell","21","9917","74","84"
"Kellan","Allen","23","2675","74","19"
"Tara","Wright","24","8674","84","62"
"Ned","Mason","29","2351","99","30"
"Naomi","Phillips","19","9005","08","02"
"Martin","Nelson","27","2136","32","33"
"Kelvin","Stevens","18","7340","03","72"
"Alina","Payne","21","2506","85","75"
"Rosie","Brown","28","9404","49","21"
"Audrey","Davis","22","9344","95","46"
"Miller","Warren","30","5212","40","08"
"Sofia","Carter","27","1160","86","99"
"Dexter","Mason","24","9245","48","25"
"Isabella","Kelley","30","8383","12","31"
